{
  "human_final_mean": 7.9175,
  "human_final_std": 4.720163530006137,
  "llm_final_mean": 454.72850000000034,
  "llm_final_std": 1465.095550924155,
  "difference": 446.8110000000003,
  "t_statistic": -4.302116742098387,
  "p_value": 2.1313924403983777e-05,
  "human_convergence": 2000,
  "llm_convergence": 2000,
  "human_final_accuracy": 0.7308716006216005,
  "llm_final_accuracy": 0.8925884872651462,
  "human_vocab_complexity": 14592,
  "llm_vocab_complexity": 651480
}