{
  "human_metrics": {
    "consistency": 0.03767705382436261,
    "predictability": 0.9995294014890979,
    "stability": 3.39913336543091
  },
  "llm_metrics": {
    "consistency": 0.004844685095468795,
    "predictability": 0.6566207326768343,
    "stability": 2.1337792642140467
  },
  "dynamics_advantage": {
    "consistency": -0.032832368728893814,
    "predictability": -0.34290866881226356,
    "stability": -1.2653541012168632
  }
}