{
  "human": {
    "reward_stats": {
      "mean": 0.08925390625,
      "std": 0.04760012047375732,
      "median": 0.1,
      "max": 1.0
    },
    "sample_efficiency": 3104.0
  },
  "llm": {
    "reward_stats": {
      "mean": 0.4517857142857143,
      "std": 0.37983819588172735,
      "median": 0.5,
      "max": 1.0
    },
    "sample_efficiency": 3.0
  }
}