Environment,Episodes,Avg_Reward,Std_Reward,Success_Rate,Avg_Length
human_normal,30717,0.31402424,0.17106698,87.14067128951395,1.0000976657876746
human_hard,19480,0.05532122,0.25762427,64.57905544147845,1.5770020533880904
llm_normal,28622,0.68254954,0.5411085,71.03277199357137,1.0732653203829223
llm_hard,18630,0.14226055,0.38708565,57.911969940955444,1.6489533011272142
