{
  "experiment_name": "LLM annotation → 더 전략적 행동 패턴 → 더 복합적 문제 해결",
  "hypothesis_verified": "False",
  "evidence": {
    "strategic_behavior": {
      "human": {
        "planning_depth": 2.288330903715519,
        "goal_directedness": 0.2810836759241668,
        "action_coherence": 0.7027091898104169,
        "contextual_adaptation": 1.0,
        "strategy_diversity": 0.6114519427402862,
        "behavioral_flexibility": 1.0,
        "behavioral_complexity": 0.7354605857923594,
        "pattern_sophistication": 0.694478527607362,
        "emergent_strategies": 0.42358778625954197,
        "strategic_efficiency": 0.2810836759241668,
        "resource_optimization": 0.3641239441086067,
        "multi_objective_balance": 0.6114519427402862
      },
      "llm": {
        "planning_depth": 1.8154242546573007,
        "goal_directedness": 0.1936630975861745,
        "action_coherence": 0.48415774396543626,
        "contextual_adaptation": 0.7,
        "strategy_diversity": 1.0,
        "behavioral_flexibility": 0.7,
        "behavioral_complexity": 0.6488897663253678,
        "pattern_sophistication": 1.0,
        "emergent_strategies": 0.0,
        "strategic_efficiency": 0.1936630975861745,
        "resource_optimization": 0.2746286309761541,
        "multi_objective_balance": 1.0
      }
    },
    "complex_problem_solving": {
      "human": {
        "constraint_satisfaction": 0.2,
        "trade_off_management": 1.0,
        "priority_handling": 0.2,
        "problem_decomposition": 0.3916713732098348,
        "hierarchical_reasoning": 0.33292066722835956,
        "sub_goal_coordination": 0.0,
        "creative_solutions": 0.014045936395759717,
        "novel_approach_discovery": 0.012641342756183746,
        "solution_generalization": 0.10702296819787986,
        "holistic_understanding": 0.2019057698685315,
        "inter_dependency_awareness": 0.0,
        "long_term_consequence": 0.0
      },
      "llm": {
        "constraint_satisfaction": 0.6,
        "trade_off_management": 1.0,
        "priority_handling": 0.6,
        "problem_decomposition": 0.31313797313797315,
        "hierarchical_reasoning": 0.26616727716727717,
        "sub_goal_coordination": 1.0,
        "creative_solutions": 0.20038560411311054,
        "novel_approach_discovery": 0.1803470437017995,
        "solution_generalization": 0.4001928020565553,
        "holistic_understanding": 0.3711745257503612,
        "inter_dependency_awareness": 1.0,
        "long_term_consequence": 0.5
      }
    },
    "correlation_analysis": {
      "human_strategic_score": 0.9058143442891906,
      "llm_strategic_score": 0.7235172451561176,
      "human_complexity_score": 0.2947213941242346,
      "llm_complexity_score": 0.4349976220294987,
      "strategic_advantage": -0.18229709913307302,
      "complexity_advantage": 0.14027622790526412,
      "correlation_coefficient": -1.0,
      "p_value": 1.0
    }
  },
  "key_findings": {
    "planning_depth": {
      "human": 2.288330903715519,
      "llm": 1.8154242546573007,
      "improvement": -0.47290664905821833
    },
    "creative_solutions": {
      "human": 0.014045936395759717,
      "llm": 0.20038560411311054,
      "improvement": 0.18633966771735083
    },
    "strategic_efficiency": {
      "human": 0.2810836759241668,
      "llm": 0.1936630975861745,
      "improvement": -0.08742057833799227
    }
  },
  "conclusion": "❌ 가설이 충분히 지지되지 않음"
}