{
  "experiment_name": "LLM annotation → 더 일관된 전이 동역학 → 더 안정적 학습",
  "hypothesis_verified": "False",
  "transition_dynamics_metrics": {
    "human": {
      "transition_consistency": 0.9948311714834704,
      "transition_predictability": 0.6501871865896003,
      "transition_stability": 0.8741857340222463,
      "transition_entropy": 0.38114083960038087,
      "state_connectivity": 0.09881383031055045,
      "markov_property": 1.0,
      "mutual_information": 4.653307912837004,
      "transition_complexity": 0.46680426556587545,
      "causal_strength": 4.629255762200939,
      "transition_pattern_diversity": 0.03027175782593739,
      "determinism_score": 0.8129122036621096,
      "cyclic_patterns": 0.09881383031055045
    },
    "llm": {
      "transition_consistency": 0.988369734824116,
      "transition_predictability": 0.7252242066500534,
      "transition_stability": 0.8709433201478828,
      "transition_entropy": 0.2721469455536619,
      "state_connectivity": 0.072892873053719,
      "markov_property": 1.0,
      "mutual_information": 5.740581223709645,
      "transition_complexity": 0.8828751431844215,
      "causal_strength": 5.673816741814202,
      "transition_pattern_diversity": 0.23711340206185566,
      "determinism_score": 0.8437837312011107,
      "cyclic_patterns": 0.072892873053719
    }
  },
  "learning_stability_metrics": {
    "human": {
      "convergence_smoothness": 0.9999640840964567,
      "convergence_predictability": 0.9999977649476673,
      "final_variance": 2.2350573280682728e-06,
      "learning_consistency": 0.9999721947868587,
      "gradient_stability": 0.9948311714834704,
      "exploration_stability": 0.6501871865896003,
      "hyperparameter_sensitivity": 0.5331957344341245,
      "initialization_robustness": 1.0,
      "replay_consistency": 0.9999721947868587
    },
    "llm": {
      "convergence_smoothness": 0.9999603952154518,
      "convergence_predictability": 0.9999880261198386,
      "final_variance": 1.1974023536925192e-05,
      "learning_consistency": 0.9998677403473143,
      "gradient_stability": 0.988369734824116,
      "exploration_stability": 0.7252242066500534,
      "hyperparameter_sensitivity": 0.11712485681557849,
      "initialization_robustness": 1.0,
      "replay_consistency": 0.9998677403473143
    }
  },
  "correlation_analysis": {
    "human_dynamics_score": 0.8580285668720334,
    "llm_dynamics_score": 0.8791547090782856,
    "human_stability_score": 0.9989512472677136,
    "llm_stability_score": 0.9976351990621167,
    "dynamics_advantage": 0.021126142206252196,
    "stability_advantage": -0.0013160482055968314,
    "correlation_coefficient": -1.0,
    "p_value": 1.0
  },
  "key_improvements": {
    "transition_dynamics": {
      "consistency": -0.0064614366593543915,
      "predictability": 0.0750370200604531,
      "stability": -0.0032424138743635256,
      "markov_property": 0.0
    },
    "learning_stability": {
      "convergence_smoothness": -3.68888100488185e-06,
      "learning_consistency": -0.00010445443954443245,
      "gradient_stability": -0.0064614366593543915,
      "final_variance_reduction": -9.738966208856918e-06
    }
  },
  "conclusion": "❌ 가설이 충분히 지지되지 않음"
}